iter	RMSE
0	0.4947772205
1	0.4901729351
2	0.4853079471
3	0.4805261677
4	0.4760698787
5	0.4713716212
6	0.4670247419
7	0.4624690519
8	0.4581657552
9	0.453649418
10	0.4495375654
11	0.4450759295
12	0.4407174305
13	0.4367021714
14	0.4327540675
15	0.4287224158
16	0.4247021314
17	0.4207427471
18	0.4167037661
19	0.4127284871
20	0.4086627191
21	0.4049636395
22	0.4012885723
23	0.3975392955
24	0.3938404831
25	0.3901707822
26	0.3862986444
27	0.3825443601
28	0.3791016285
29	0.3753393682
